{
    "ols_base_beta_active": 4.345781228105817,
    "ols_base_beta_active_pval": 5.81027770128652e-26,
    "ols_base_r2": 0.8200404037266636,
    "ols_base_rmse_usd": 844.5745174650513,
    "ols_ext_beta_active": 1.3840623813295985,
    "ols_ext_beta_nasdaq": 1.4166988504875218,
    "ols_ext_beta_gas": 1.5564646635288006,
    "ols_ext_r2": 0.8746334042272901,
    "ols_ext_rmse_usd": 588.3239364342519,
    "ols_ext_pvals_hac": {
        "const": 1.2508360306810013e-15,
        "log_active": 0.010586407285422593,
        "log_nasdaq": 0.003492628591674365,
        "log_gas": 5.233716488997547e-05
    },
    "ols_constr_rmse_usd": 1948.1986131338729,
    "diag_dw": 0.22834496614806285,
    "diag_bg_p": 1.2494682139157307e-10,
    "diag_bp_p": 0.013413855529531392,
    "diag_jb_p": 0.05354504637098973,
    "diag_white_p": 0.015921690884676567,
    "break_cusum_p": 0.011553194955530916,
    "break_chow_eip_p": null,
    "break_chow_merge_p": null,
    "ardl_cointegrated_5pct": false,
    "ardl_bounds_stat": 1.8167671953124227,
    "ardl_bounds_p_lower": null,
    "ardl_ect_coeff": 1.0801760406165843,
    "vecm_beta_active_coint": null,
    "vecm_alpha_mcap": null,
    "vecm_alpha_mcap_p": null,
    "vecm_alpha_active_p": null,
    "oos_mape_percent": null,
    "oos_rmse_usd": null,
    "oos_n_predictions": null,
    "last_actual_price": 1839.0218912760417,
    "last_fair_price_ext": 1839.0177209681913,
    "last_predicted_price_oos": null,
    "last_date": "2025-05-31T00:00:00"
}