{
    "ols_base_beta_active": 4.346521459671779,
    "ols_base_beta_active_pval": 5.934840380024667e-26,
    "ols_base_r2": 0.8200821253998162,
    "ols_base_rmse_usd": 844.2820952695861,
    "ols_ext_beta_active": 2.893662242948322,
    "ols_ext_beta_nasdaq": 1.416698883656148,
    "ols_ext_beta_gas": 0.04686096298473974,
    "ols_ext_r2": 0.8746283691793866,
    "ols_ext_rmse_usd": 588.3239081168615,
    "ols_ext_pvals_hac": {
        "const": 1.2507840167341695e-15,
        "log_active": 1.4516302862724437e-10,
        "log_nasdaq": 0.003492621742722235,
        "log_gas": 7.29670016603253e-05
    },
    "ols_constr_rmse_usd": 1948.2129558904692,
    "diag_dw": 0.22834494911782913,
    "diag_bg_p": 1.2494672185063152e-10,
    "diag_bp_p": 0.013413857258372257,
    "diag_jb_p": 0.05354488116994318,
    "diag_white_p": 0.015918800019136897,
    "break_cusum_p": 0.011553211424852364,
    "break_chow_eip_p": 2.1207979816750822e-10,
    "break_chow_merge_p": 0.03346570870752963,
    "ardl_cointegrated_5pct": false,
    "ardl_bounds_stat": 3.7742212459390805,
    "ardl_bounds_p_lower": null,
    "ardl_ect_coeff": 1.023111764966787,
    "vecm_beta_active_coint": 19.801947912514052,
    "vecm_alpha_mcap": 0.024376007626378846,
    "vecm_alpha_mcap_p": 0.014473350498427129,
    "vecm_alpha_active_p": 2.0017580039333183e-05,
    "oos_mape_percent": 31.606537490110053,
    "oos_rmse_usd": 696.0309221916152,
    "oos_n_predictions": 67,
    "last_actual_price": 1840.404052734375,
    "last_fair_price_ext": 1840.4040277321692,
    "last_predicted_price_oos": null,
    "last_date": "2025-05-31T00:00:00"
}